1;Pepe;917458899;gran via 2;Madrid;30;M1
2;Antonio;;algeciras 34;Caceres;24;M2
3;Eva María;;rotor 6;Madrid;45;M3
4;Ramón;606185963;Boltaña 88;Caceres;22;M4
5;Julio;;Alquezar 11;Badajoz;50;M5
6;Andrés;;Parque Sur 5;Madrid;15;M6
7;Belén;914558877;Parque Norte 66;Sevilla;25;M7
8;Cristina;;Leopoldo 7;Barcelona;32;M8
9;Jorge;;Caceres 55;Segovia;36;M9
10;Sandra;;Fernado Poo 66;Segovia;31;M10
11;Fernando;;Aguila 2;Madrid;45;M11
12;Guillermo;;Cartago 12;Madrid;34;M12
13;Javier;;Coslada 3;Madrid;33;M13
14;Ana María;914775859;Jacinto 33;Bilbao;32;M14
